order_id,vehicle_id,traffic_index
ORD100000,V088,0.733
ORD100001,V068,0.656
ORD100002,V084,0.592
ORD100003,V063,0.654
ORD100004,V016,0.474
ORD100005,V074,0.235
ORD100006,V107,0.64
ORD100007,V090,0.682
ORD100008,V093,0.68
ORD100009,V005,0.441
ORD100010,V011,0.898
ORD100011,V029,0.494
ORD100012,V109,0.327
ORD100013,V079,0.497
ORD100014,V070,0.518
ORD100015,V048,0.349
ORD100016,V015,0.604
ORD100017,V107,0.597
ORD100018,V084,0.523
ORD100019,V034,0.579
ORD100020,V060,0.444
ORD100021,V062,0.54
ORD100022,V002,0.659
ORD100023,V108,0.545
ORD100024,V080,0.625
ORD100025,V019,0.77
ORD100026,V098,0.668
ORD100027,V049,0.2
ORD100028,V078,0.609
ORD100029,V088,0.712
ORD100030,V028,0.63
ORD100031,V048,0.936
ORD100032,V096,0.527
ORD100033,V037,0.408
ORD100034,V074,0.698
ORD100035,V049,0.478
ORD100036,V109,0.499
ORD100037,V048,0.284
ORD100038,V073,0.542
ORD100039,V088,0.362
ORD100040,V100,0.659
ORD100041,V120,0.393
ORD100042,V029,0.313
ORD100043,V060,0.738
ORD100044,V029,0.428
ORD100045,V058,0.714
ORD100046,V048,0.633
ORD100047,V023,0.371
ORD100048,V027,0.26
ORD100049,V095,0.446
ORD100050,V107,0.314
ORD100051,V007,0.495
ORD100052,V049,0.533
ORD100053,V054,0.582
ORD100054,V109,0.516
ORD100055,V068,0.807
ORD100056,V078,0.354
ORD100057,V106,0.79
ORD100058,V042,0.789
ORD100059,V074,0.44
ORD100060,V059,0.592
ORD100061,V044,0.507
ORD100062,V098,0.716
ORD100063,V026,0.607
ORD100064,V023,0.748
ORD100065,V073,0.74
ORD100066,V101,0.369
ORD100067,V008,0.725
ORD100068,V053,0.572
ORD100069,V014,0.719
ORD100070,V071,0.813
ORD100071,V007,0.701
ORD100072,V009,0.369
ORD100073,V003,0.398
ORD100074,V078,0.687
ORD100075,V017,0.637
ORD100076,V114,0.825
ORD100077,V044,0.625
ORD100078,V086,0.565
ORD100079,V046,0.576
ORD100080,V090,0.552
ORD100081,V058,0.468
ORD100082,V028,0.761
ORD100083,V109,0.541
ORD100084,V014,0.497
ORD100085,V009,0.426
ORD100086,V115,0.892
ORD100087,V026,0.34
ORD100088,V002,0.292
ORD100089,V075,0.553
ORD100090,V081,0.449
ORD100091,V034,0.482
ORD100092,V019,0.648
ORD100093,V039,0.64
ORD100094,V082,0.87
ORD100095,V013,0.447
ORD100096,V005,0.444
ORD100097,V050,0.631
ORD100098,V023,0.623
ORD100099,V120,0.654
ORD100100,V088,0.326
ORD100101,V029,0.642
ORD100102,V112,0.597
ORD100103,V111,0.557
ORD100104,V072,0.516
ORD100105,V026,0.301
ORD100106,V079,0.676
ORD100107,V057,0.469
ORD100108,V001,0.287
ORD100109,V028,0.317
ORD100110,V113,0.52
ORD100111,V062,0.428
ORD100112,V047,0.62
ORD100113,V110,0.838
ORD100114,V078,0.391
ORD100115,V106,0.651
ORD100116,V098,0.59
ORD100117,V059,0.68
ORD100118,V031,0.894
ORD100119,V070,0.483
ORD100120,V049,0.342
ORD100121,V005,0.741
ORD100122,V031,0.349
ORD100123,V037,0.619
ORD100124,V079,0.592
ORD100125,V015,0.616
ORD100126,V052,0.755
ORD100127,V107,0.678
ORD100128,V069,0.369
ORD100129,V092,0.311
ORD100130,V097,0.665
ORD100131,V011,0.614
ORD100132,V043,0.906
ORD100133,V070,0.68
ORD100134,V023,0.502
ORD100135,V040,0.544
ORD100136,V063,0.765
ORD100137,V002,0.34
ORD100138,V079,0.863
ORD100139,V087,0.507
ORD100140,V086,0.702
ORD100141,V073,0.546
ORD100142,V047,0.318
ORD100143,V104,0.582
ORD100144,V030,0.68
ORD100145,V016,0.612
ORD100146,V059,0.599
ORD100147,V110,0.327
ORD100148,V047,0.883
ORD100149,V116,0.82
ORD100150,V030,0.483
ORD100151,V109,0.623
ORD100152,V009,0.459
ORD100153,V065,0.649
ORD100154,V059,0.362
ORD100155,V102,0.567
ORD100156,V064,0.561
ORD100157,V008,0.644
ORD100158,V052,0.806
ORD100159,V018,0.875
ORD100160,V091,0.595
ORD100161,V082,0.762
ORD100162,V096,0.899
ORD100163,V058,0.587
ORD100164,V049,0.393
ORD100165,V032,0.401
ORD100166,V117,0.181
ORD100167,V048,0.812
ORD100168,V045,0.736
ORD100169,V054,0.828
ORD100170,V100,0.705
ORD100171,V100,0.374
ORD100172,V085,0.552
ORD100173,V046,0.797
ORD100174,V096,0.772
ORD100175,V031,0.643
ORD100176,V037,0.407
ORD100177,V016,0.219
ORD100178,V046,0.722
ORD100179,V046,0.813
ORD100180,V078,0.842
ORD100181,V088,0.526
ORD100182,V089,0.866
ORD100183,V061,0.348
ORD100184,V046,0.783
ORD100185,V051,0.559
ORD100186,V062,0.443
ORD100187,V035,0.683
ORD100188,V081,0.421
ORD100189,V110,0.512
ORD100190,V042,0.581
ORD100191,V045,0.709
ORD100192,V118,0.65
ORD100193,V068,0.403
ORD100194,V075,0.856
ORD100195,V047,0.775
ORD100196,V079,0.726
ORD100197,V030,0.627
ORD100198,V024,0.595
ORD100199,V066,0.47
ORD100200,V043,0.544
ORD100201,V034,0.7
ORD100202,V023,0.729
ORD100203,V061,0.824
ORD100204,V095,0.471
ORD100205,V037,0.756
ORD100206,V013,0.719
ORD100207,V097,0.495
ORD100208,V071,0.159
ORD100209,V096,0.376
ORD100210,V007,0.302
ORD100211,V042,0.526
ORD100212,V038,0.538
ORD100213,V052,0.593
ORD100214,V044,0.82
ORD100215,V064,0.593
ORD100216,V013,0.782
ORD100217,V088,0.334
ORD100218,V028,0.471
ORD100219,V096,0.299
ORD100220,V107,0.778
ORD100221,V082,0.685
ORD100222,V098,0.526
ORD100223,V112,0.507
ORD100224,V098,0.389
ORD100225,V115,0.711
ORD100226,V102,0.692
ORD100227,V001,0.373
ORD100228,V043,0.559
ORD100229,V114,0.648
ORD100230,V042,0.689
ORD100231,V095,0.777
ORD100232,V050,0.511
ORD100233,V060,0.484
ORD100234,V001,0.692
ORD100235,V051,0.881
ORD100236,V016,0.563
ORD100237,V039,0.746
ORD100238,V015,0.544
ORD100239,V033,0.449
ORD100240,V087,0.689
ORD100241,V053,0.732
ORD100242,V105,0.699
ORD100243,V098,0.465
ORD100244,V017,0.689
ORD100245,V089,0.509
ORD100246,V120,0.915
ORD100247,V106,0.706
ORD100248,V006,0.631
ORD100249,V031,0.727
ORD100250,V069,0.364
ORD100251,V104,0.702
ORD100252,V040,0.61
ORD100253,V030,0.625
ORD100254,V069,0.527
ORD100255,V076,0.626
ORD100256,V007,0.229
ORD100257,V109,0.654
ORD100258,V013,0.744
ORD100259,V113,0.692
ORD100260,V004,0.67
ORD100261,V050,0.439
ORD100262,V106,0.723
ORD100263,V003,0.667
ORD100264,V012,0.924
ORD100265,V065,0.407
ORD100266,V027,0.357
ORD100267,V107,0.61
ORD100268,V050,0.649
ORD100269,V077,0.773
ORD100270,V017,0.864
ORD100271,V072,0.389
ORD100272,V032,0.406
ORD100273,V084,0.578
ORD100274,V051,0.373
ORD100275,V017,0.545
ORD100276,V034,0.5
ORD100277,V035,0.513
ORD100278,V099,0.487
ORD100279,V102,0.472
ORD100280,V106,0.772
ORD100281,V024,0.666
ORD100282,V054,0.483
ORD100283,V018,0.799
ORD100284,V050,0.329
ORD100285,V046,0.795
ORD100286,V048,0.844
ORD100287,V103,0.516
ORD100288,V033,0.431
ORD100289,V113,0.735
ORD100290,V087,0.499
ORD100291,V089,0.616
ORD100292,V101,0.784
ORD100293,V027,0.351
ORD100294,V001,0.727
ORD100295,V085,0.291
ORD100296,V059,0.654
ORD100297,V113,0.481
ORD100298,V010,0.691
ORD100299,V095,0.527
ORD100300,V108,0.598
ORD100301,V025,0.688
ORD100302,V084,0.503
ORD100303,V057,0.47
ORD100304,V066,0.755
ORD100305,V119,0.656
ORD100306,V112,0.465
ORD100307,V015,0.686
ORD100308,V028,0.403
ORD100309,V013,0.557
ORD100310,V114,0.513
ORD100311,V116,0.394
ORD100312,V118,0.608
ORD100313,V014,0.378
ORD100314,V114,0.822
ORD100315,V066,0.344
ORD100316,V034,0.836
ORD100317,V099,0.409
ORD100318,V101,0.74
ORD100319,V025,0.281
ORD100320,V112,0.527
ORD100321,V054,0.838
ORD100322,V079,0.931
ORD100323,V012,0.602
ORD100324,V009,0.666
ORD100325,V031,0.702
ORD100326,V078,0.36
ORD100327,V093,0.545
ORD100328,V053,0.634
ORD100329,V112,0.196
ORD100330,V043,0.654
ORD100331,V038,0.36
ORD100332,V042,0.371
ORD100333,V072,0.451
ORD100334,V048,0.698
ORD100335,V067,0.408
ORD100336,V066,0.751
ORD100337,V016,0.695
ORD100338,V083,0.776
ORD100339,V094,0.465
ORD100340,V105,0.524
ORD100341,V016,0.411
ORD100342,V031,0.43
ORD100343,V118,0.873
ORD100344,V058,0.593
ORD100345,V028,0.421
ORD100346,V004,0.393
ORD100347,V010,0.49
ORD100348,V051,0.738
ORD100349,V109,0.833
ORD100350,V018,0.907
ORD100351,V047,0.802
ORD100352,V032,0.513
ORD100353,V030,0.872
ORD100354,V036,0.825
ORD100355,V009,0.71
ORD100356,V036,0.796
ORD100357,V029,0.49
ORD100358,V016,0.783
ORD100359,V092,0.902
ORD100360,V021,0.373
ORD100361,V064,0.511
ORD100362,V111,0.744
ORD100363,V120,0.448
ORD100364,V066,0.734
ORD100365,V059,0.601
ORD100366,V110,0.769
ORD100367,V099,0.675
ORD100368,V118,0.494
ORD100369,V028,0.803
ORD100370,V055,0.634
ORD100371,V100,0.814
ORD100372,V031,0.578
ORD100373,V033,0.739
ORD100374,V087,0.539
ORD100375,V060,0.599
ORD100376,V041,0.545
ORD100377,V081,0.787
ORD100378,V046,0.374
ORD100379,V049,0.64
ORD100380,V065,0.548
ORD100381,V042,0.621
ORD100382,V023,0.488
ORD100383,V112,0.258
ORD100384,V027,0.46
ORD100385,V089,0.594
ORD100386,V032,0.421
ORD100387,V083,0.367
ORD100388,V088,0.704
ORD100389,V003,0.419
ORD100390,V060,0.376
ORD100391,V076,0.723
ORD100392,V099,0.552
ORD100393,V079,0.438
ORD100394,V017,0.736
ORD100395,V114,0.613
ORD100396,V032,0.723
ORD100397,V007,0.412
ORD100398,V083,0.418
ORD100399,V071,0.534
ORD100400,V069,0.711
ORD100401,V058,0.8
ORD100402,V040,0.411
ORD100403,V085,0.486
ORD100404,V112,0.438
ORD100405,V048,0.921
ORD100406,V051,0.31
ORD100407,V057,0.25
ORD100408,V111,0.832
ORD100409,V071,0.507
ORD100410,V037,0.505
ORD100411,V087,0.39
ORD100412,V075,0.42
ORD100413,V074,0.682
ORD100414,V085,0.437
ORD100415,V055,0.257
ORD100416,V041,0.732
ORD100417,V097,0.696
ORD100418,V020,0.792
ORD100419,V033,0.467
ORD100420,V040,0.407
ORD100421,V099,0.423
ORD100422,V034,0.721
ORD100423,V062,0.502
ORD100424,V100,0.413
ORD100425,V091,0.514
ORD100426,V019,0.465
ORD100427,V043,0.336
ORD100428,V069,0.847
ORD100429,V063,0.663
ORD100430,V093,0.747
ORD100431,V120,0.507
ORD100432,V010,0.698
ORD100433,V120,0.702
ORD100434,V119,0.422
ORD100435,V104,0.334
ORD100436,V013,0.243
ORD100437,V093,0.535
ORD100438,V005,0.664
ORD100439,V058,0.28
ORD100440,V059,0.683
ORD100441,V076,0.448
ORD100442,V059,0.663
ORD100443,V077,0.748
ORD100444,V086,0.476
ORD100445,V104,0.542
ORD100446,V015,0.764
ORD100447,V077,0.598
ORD100448,V001,0.69
ORD100449,V118,0.577
ORD100450,V038,0.647
ORD100451,V107,0.458
ORD100452,V109,0.342
ORD100453,V053,0.879
ORD100454,V052,0.37
ORD100455,V001,0.421
ORD100456,V011,0.611
ORD100457,V058,0.341
ORD100458,V107,0.377
ORD100459,V040,0.912
ORD100460,V086,0.842
ORD100461,V099,0.616
ORD100462,V060,0.721
ORD100463,V115,0.51
ORD100464,V044,0.859
ORD100465,V006,0.541
ORD100466,V028,0.678
ORD100467,V031,0.554
ORD100468,V119,0.87
ORD100469,V008,0.592
ORD100470,V005,0.892
ORD100471,V106,0.631
ORD100472,V054,0.629
ORD100473,V112,0.716
ORD100474,V108,0.827
ORD100475,V017,0.58
ORD100476,V038,0.203
ORD100477,V009,0.675
ORD100478,V074,0.492
ORD100479,V084,0.888
ORD100480,V078,0.625
ORD100481,V014,0.763
ORD100482,V026,0.898
ORD100483,V093,0.809
ORD100484,V113,0.377
ORD100485,V062,0.805
ORD100486,V091,0.718
ORD100487,V025,0.913
ORD100488,V080,0.869
ORD100489,V036,0.73
ORD100490,V098,0.907
ORD100491,V080,0.495
ORD100492,V033,0.217
ORD100493,V003,0.511
ORD100494,V087,0.348
ORD100495,V011,0.807
ORD100496,V112,0.545
ORD100497,V058,0.669
ORD100498,V064,0.858
ORD100499,V018,0.732
ORD100500,V047,0.603
ORD100501,V105,0.486
ORD100502,V044,0.248
ORD100503,V093,0.413
ORD100504,V059,0.754
ORD100505,V050,0.57
ORD100506,V069,0.565
ORD100507,V088,0.678
ORD100508,V029,0.676
ORD100509,V093,0.768
ORD100510,V090,0.823
ORD100511,V104,0.775
ORD100512,V067,0.124
ORD100513,V002,0.638
ORD100514,V025,0.58
ORD100515,V019,0.558
ORD100516,V040,0.687
ORD100517,V002,0.612
ORD100518,V083,0.691
ORD100519,V065,0.746
ORD100520,V062,0.413
ORD100521,V091,0.399
ORD100522,V054,0.388
ORD100523,V045,0.897
ORD100524,V119,0.885
ORD100525,V116,0.897
ORD100526,V049,0.551
ORD100527,V099,0.857
ORD100528,V105,0.493
ORD100529,V069,0.614
ORD100530,V038,0.299
ORD100531,V004,0.305
ORD100532,V017,0.351
ORD100533,V053,0.19
ORD100534,V085,0.432
ORD100535,V053,0.795
ORD100536,V112,0.386
ORD100537,V031,0.747
ORD100538,V112,0.304
ORD100539,V022,0.391
ORD100540,V011,0.293
ORD100541,V034,0.672
ORD100542,V113,0.464
ORD100543,V015,0.669
ORD100544,V114,0.77
ORD100545,V010,0.485
ORD100546,V102,0.279
ORD100547,V096,0.698
ORD100548,V053,0.407
ORD100549,V048,0.695
ORD100550,V031,0.541
ORD100551,V037,0.445
ORD100552,V108,0.849
ORD100553,V028,0.87
ORD100554,V031,0.353
ORD100555,V070,0.534
ORD100556,V014,0.666
ORD100557,V087,0.427
ORD100558,V016,0.609
ORD100559,V025,0.637
ORD100560,V039,0.561
ORD100561,V066,0.664
ORD100562,V038,0.549
ORD100563,V041,0.293
ORD100564,V103,0.646
ORD100565,V098,0.845
ORD100566,V115,0.792
ORD100567,V040,0.443
ORD100568,V107,0.729
ORD100569,V064,0.556
ORD100570,V089,0.456
ORD100571,V100,0.257
ORD100572,V016,0.496
ORD100573,V082,0.658
ORD100574,V077,0.496
ORD100575,V059,0.452
ORD100576,V101,0.592
ORD100577,V091,0.677
ORD100578,V098,0.629
ORD100579,V011,0.71
ORD100580,V001,0.829
ORD100581,V013,0.318
ORD100582,V030,0.417
ORD100583,V069,0.341
ORD100584,V018,0.805
ORD100585,V078,0.521
ORD100586,V013,0.503
ORD100587,V032,0.325
ORD100588,V071,0.579
ORD100589,V072,0.271
ORD100590,V050,0.456
ORD100591,V071,0.608
ORD100592,V116,0.612
ORD100593,V113,0.534
ORD100594,V080,0.428
ORD100595,V107,0.416
ORD100596,V031,0.195
ORD100597,V051,0.315
ORD100598,V027,0.897
ORD100599,V060,0.443
ORD100600,V033,0.875
ORD100601,V053,0.459
ORD100602,V093,0.736
ORD100603,V072,0.433
ORD100604,V033,0.6
ORD100605,V041,0.59
ORD100606,V019,0.242
ORD100607,V085,0.636
ORD100608,V041,0.455
ORD100609,V085,0.87
ORD100610,V089,0.938
ORD100611,V042,0.43
ORD100612,V120,0.472
ORD100613,V023,0.793
ORD100614,V075,0.682
ORD100615,V033,0.529
ORD100616,V020,0.588
ORD100617,V025,0.151
ORD100618,V090,0.222
ORD100619,V104,0.337
ORD100620,V052,0.461
ORD100621,V012,0.724
ORD100622,V032,0.772
ORD100623,V033,0.601
ORD100624,V074,0.562
ORD100625,V068,0.416
ORD100626,V015,0.254
ORD100627,V051,0.734
ORD100628,V006,0.539
ORD100629,V091,0.687
ORD100630,V069,0.518
ORD100631,V069,0.592
ORD100632,V082,0.342
ORD100633,V092,0.595
ORD100634,V035,0.781
ORD100635,V086,0.41
ORD100636,V034,0.662
ORD100637,V063,0.44
ORD100638,V068,0.245
ORD100639,V018,0.493
ORD100640,V105,0.738
ORD100641,V115,0.861
ORD100642,V026,0.494
ORD100643,V106,0.571
ORD100644,V086,0.7
ORD100645,V111,0.581
ORD100646,V097,0.645
ORD100647,V061,0.668
ORD100648,V107,0.345
ORD100649,V078,0.809
ORD100650,V095,0.661
ORD100651,V074,0.876
ORD100652,V115,0.753
ORD100653,V088,0.459
ORD100654,V085,0.8
ORD100655,V048,0.757
ORD100656,V072,0.335
ORD100657,V096,0.374
ORD100658,V031,0.242
ORD100659,V034,0.571
ORD100660,V087,0.412
ORD100661,V089,0.759
ORD100662,V007,0.848
ORD100663,V083,0.508
ORD100664,V007,0.513
ORD100665,V047,0.469
ORD100666,V008,0.765
ORD100667,V078,0.711
ORD100668,V001,0.536
ORD100669,V077,0.711
ORD100670,V003,0.857
ORD100671,V053,0.615
ORD100672,V092,0.724
ORD100673,V038,0.714
ORD100674,V051,0.868
ORD100675,V015,0.675
ORD100676,V100,0.561
ORD100677,V117,0.589
ORD100678,V067,0.171
ORD100679,V064,0.591
ORD100680,V068,0.435
ORD100681,V005,0.754
ORD100682,V114,0.754
ORD100683,V090,0.709
ORD100684,V089,0.746
ORD100685,V010,0.465
ORD100686,V008,0.646
ORD100687,V012,0.204
ORD100688,V064,0.555
ORD100689,V118,0.743
ORD100690,V059,0.891
ORD100691,V067,0.345
ORD100692,V091,0.542
ORD100693,V050,0.888
ORD100694,V023,0.637
ORD100695,V040,0.739
ORD100696,V097,0.54
ORD100697,V078,0.809
ORD100698,V118,0.586
ORD100699,V087,0.055
ORD100700,V095,0.188
ORD100701,V077,0.593
ORD100702,V076,0.35
ORD100703,V099,0.543
ORD100704,V018,0.774
ORD100705,V021,0.768
ORD100706,V109,0.648
ORD100707,V111,0.504
ORD100708,V106,0.509
ORD100709,V001,0.824
ORD100710,V038,0.703
ORD100711,V041,0.64
ORD100712,V042,0.559
ORD100713,V111,0.934
ORD100714,V009,0.595
ORD100715,V023,0.451
ORD100716,V078,0.218
ORD100717,V011,0.525
ORD100718,V071,0.223
ORD100719,V031,0.509
ORD100720,V088,0.538
ORD100721,V026,0.652
ORD100722,V030,0.519
ORD100723,V034,0.362
ORD100724,V046,0.746
ORD100725,V102,0.591
ORD100726,V069,0.575
ORD100727,V005,0.583
ORD100728,V061,0.625
ORD100729,V083,0.705
ORD100730,V115,0.442
ORD100731,V038,0.614
ORD100732,V028,0.5
ORD100733,V026,0.606
ORD100734,V061,0.694
ORD100735,V106,0.41
ORD100736,V023,0.393
ORD100737,V046,0.589
ORD100738,V113,0.609
ORD100739,V030,0.532
ORD100740,V067,0.718
ORD100741,V092,0.768
ORD100742,V033,0.337
ORD100743,V106,0.425
ORD100744,V003,0.694
ORD100745,V069,0.821
ORD100746,V083,0.552
ORD100747,V042,0.423
ORD100748,V062,0.578
ORD100749,V058,0.74
ORD100750,V057,0.556
ORD100751,V112,0.463
ORD100752,V001,0.55
ORD100753,V102,0.557
ORD100754,V073,0.66
ORD100755,V060,0.631
ORD100756,V069,0.709
ORD100757,V059,0.867
ORD100758,V046,0.437
ORD100759,V106,0.526
ORD100760,V034,0.586
ORD100761,V101,0.345
ORD100762,V097,0.742
ORD100763,V025,0.357
ORD100764,V042,0.885
ORD100765,V029,0.776
ORD100766,V025,0.311
ORD100767,V054,0.427
ORD100768,V073,0.528
ORD100769,V067,0.655
ORD100770,V015,0.513
ORD100771,V004,0.89
ORD100772,V109,0.231
ORD100773,V038,0.736
ORD100774,V020,0.841
ORD100775,V113,0.408
ORD100776,V023,0.801
ORD100777,V037,0.766
ORD100778,V062,0.599
ORD100779,V111,0.343
ORD100780,V008,0.64
ORD100781,V037,0.561
ORD100782,V120,0.599
ORD100783,V045,0.864
ORD100784,V097,0.711
ORD100785,V033,0.387
ORD100786,V007,0.664
ORD100787,V022,0.848
ORD100788,V005,0.472
ORD100789,V110,0.464
ORD100790,V015,0.524
ORD100791,V021,0.455
ORD100792,V089,0.735
ORD100793,V017,0.752
ORD100794,V056,0.832
ORD100795,V050,0.648
ORD100796,V007,0.567
ORD100797,V118,0.685
ORD100798,V050,0.731
ORD100799,V060,0.445
ORD100800,V083,0.527
ORD100801,V116,0.564
ORD100802,V007,0.622
ORD100803,V040,0.665
ORD100804,V045,0.761
ORD100805,V059,0.408
ORD100806,V114,0.971
ORD100807,V088,0.62
ORD100808,V075,0.299
ORD100809,V105,0.421
ORD100810,V055,0.821
ORD100811,V064,0.385
ORD100812,V065,0.595
ORD100813,V054,0.863
ORD100814,V096,0.904
ORD100815,V040,0.853
ORD100816,V053,0.677
ORD100817,V044,0.657
ORD100818,V063,0.646
ORD100819,V002,0.436
ORD100820,V079,0.589
ORD100821,V021,0.519
ORD100822,V088,0.6
ORD100823,V050,0.308
ORD100824,V081,0.273
ORD100825,V111,0.688
ORD100826,V052,0.679
ORD100827,V116,0.521
ORD100828,V009,0.58
ORD100829,V099,0.62
ORD100830,V020,0.543
ORD100831,V083,0.454
ORD100832,V018,0.574
ORD100833,V084,0.568
ORD100834,V030,0.586
ORD100835,V104,0.977
ORD100836,V065,0.384
ORD100837,V024,0.488
ORD100838,V088,0.534
ORD100839,V047,0.493
ORD100840,V083,0.426
ORD100841,V094,0.73
ORD100842,V090,0.557
ORD100843,V106,0.268
ORD100844,V044,0.209
ORD100845,V102,0.475
ORD100846,V029,0.093
ORD100847,V077,0.471
ORD100848,V068,0.267
ORD100849,V109,0.221
ORD100850,V017,0.801
ORD100851,V097,0.54
ORD100852,V005,0.287
ORD100853,V092,0.325
ORD100854,V088,0.732
ORD100855,V081,0.566
ORD100856,V050,0.257
ORD100857,V103,0.285
ORD100858,V112,0.871
ORD100859,V040,0.44
ORD100860,V108,0.389
ORD100861,V046,0.539
ORD100862,V051,0.801
ORD100863,V011,0.635
ORD100864,V012,0.494
ORD100865,V013,0.593
ORD100866,V064,0.555
ORD100867,V008,0.366
ORD100868,V065,0.32
ORD100869,V009,0.58
ORD100870,V092,0.679
ORD100871,V002,0.319
ORD100872,V078,0.198
ORD100873,V013,0.354
ORD100874,V112,0.913
ORD100875,V002,0.422
ORD100876,V068,0.411
ORD100877,V076,0.621
ORD100878,V048,0.257
ORD100879,V074,0.536
ORD100880,V003,0.618
ORD100881,V068,0.517
ORD100882,V006,0.836
ORD100883,V087,0.546
ORD100884,V005,0.828
ORD100885,V114,0.519
ORD100886,V003,0.365
ORD100887,V010,0.537
ORD100888,V043,0.611
ORD100889,V019,0.759
ORD100890,V014,0.476
ORD100891,V021,0.489
ORD100892,V043,0.832
ORD100893,V028,0.415
ORD100894,V021,0.626
ORD100895,V036,0.615
ORD100896,V024,0.344
ORD100897,V054,0.403
ORD100898,V038,0.352
ORD100899,V017,0.648
ORD100900,V022,0.448
ORD100901,V083,0.814
ORD100902,V045,0.685
ORD100903,V118,0.553
ORD100904,V074,0.537
ORD100905,V061,0.305
ORD100906,V011,0.7
ORD100907,V061,0.697
ORD100908,V038,0.429
ORD100909,V066,0.405
ORD100910,V033,0.263
ORD100911,V043,0.594
ORD100912,V031,0.723
ORD100913,V112,0.247
ORD100914,V035,0.536
ORD100915,V037,0.571
ORD100916,V047,0.502
ORD100917,V111,0.724
ORD100918,V100,0.276
ORD100919,V023,0.631
ORD100920,V036,0.307
ORD100921,V040,0.696
ORD100922,V103,0.464
ORD100923,V090,0.268
ORD100924,V089,0.356
ORD100925,V081,0.761
ORD100926,V015,0.472
ORD100927,V037,0.668
ORD100928,V109,0.195
ORD100929,V004,0.464
ORD100930,V022,0.569
ORD100931,V081,0.456
ORD100932,V022,0.604
ORD100933,V081,0.833
ORD100934,V078,0.375
ORD100935,V078,0.538
ORD100936,V017,0.337
ORD100937,V072,0.361
ORD100938,V098,0.444
ORD100939,V090,0.831
ORD100940,V109,0.872
ORD100941,V094,0.446
ORD100942,V086,0.396
ORD100943,V080,0.721
ORD100944,V094,0.847
ORD100945,V080,0.642
ORD100946,V038,0.35
ORD100947,V118,0.57
ORD100948,V024,0.613
ORD100949,V100,0.388
ORD100950,V099,0.673
ORD100951,V006,0.828
ORD100952,V068,0.722
ORD100953,V082,0.228
ORD100954,V006,0.257
ORD100955,V026,0.568
ORD100956,V101,0.586
ORD100957,V091,0.674
ORD100958,V041,0.54
ORD100959,V075,0.352
ORD100960,V038,0.185
ORD100961,V080,0.349
ORD100962,V083,0.509
ORD100963,V043,0.841
ORD100964,V053,0.545
ORD100965,V015,0.286
ORD100966,V090,0.703
ORD100967,V056,0.685
ORD100968,V105,0.463
ORD100969,V056,0.595
ORD100970,V031,0.395
ORD100971,V083,0.667
ORD100972,V057,0.894
ORD100973,V051,0.533
ORD100974,V024,0.329
ORD100975,V058,0.485
ORD100976,V073,0.554
ORD100977,V087,0.361
ORD100978,V004,0.406
ORD100979,V010,0.725
ORD100980,V063,0.625
ORD100981,V073,0.535
ORD100982,V083,0.63
ORD100983,V015,0.89
ORD100984,V115,0.693
ORD100985,V098,0.576
ORD100986,V106,0.55
ORD100987,V063,0.524
ORD100988,V019,0.641
ORD100989,V113,0.705
ORD100990,V063,0.492
ORD100991,V116,0.85
ORD100992,V056,0.731
ORD100993,V021,0.692
ORD100994,V034,0.851
ORD100995,V115,0.43
ORD100996,V017,0.745
ORD100997,V018,0.435
ORD100998,V081,0.284
ORD100999,V066,0.558
ORD101000,V051,0.356
ORD101001,V065,0.587
ORD101002,V043,0.665
ORD101003,V057,0.578
ORD101004,V010,0.24
ORD101005,V037,0.82
ORD101006,V048,0.737
ORD101007,V120,0.678
ORD101008,V069,0.534
ORD101009,V056,0.732
ORD101010,V119,0.923
ORD101011,V076,0.552
ORD101012,V036,0.849
ORD101013,V031,0.448
ORD101014,V055,0.752
ORD101015,V038,0.71
ORD101016,V115,0.539
ORD101017,V073,0.556
ORD101018,V108,0.824
ORD101019,V090,0.705
ORD101020,V015,0.746
ORD101021,V016,0.559
ORD101022,V077,0.513
ORD101023,V089,0.327
ORD101024,V094,0.314
ORD101025,V053,0.779
ORD101026,V056,0.711
ORD101027,V007,0.66
ORD101028,V057,0.412
ORD101029,V055,0.474
ORD101030,V052,0.647
ORD101031,V004,0.445
ORD101032,V043,0.803
ORD101033,V040,0.478
ORD101034,V102,0.59
ORD101035,V030,0.377
ORD101036,V010,0.205
ORD101037,V094,0.49
ORD101038,V103,0.554
ORD101039,V007,0.458
ORD101040,V036,0.203
ORD101041,V035,0.871
ORD101042,V088,0.557
ORD101043,V039,0.667
ORD101044,V036,0.397
ORD101045,V109,0.226
ORD101046,V020,0.335
ORD101047,V049,0.619
ORD101048,V096,0.817
ORD101049,V059,0.566
ORD101050,V103,0.617
ORD101051,V049,0.492
ORD101052,V090,0.742
ORD101053,V026,0.203
ORD101054,V036,0.402
ORD101055,V043,0.373
ORD101056,V099,0.6
ORD101057,V043,0.722
ORD101058,V099,0.275
ORD101059,V076,0.845
ORD101060,V033,0.248
ORD101061,V100,0.81
ORD101062,V078,0.833
ORD101063,V097,0.201
ORD101064,V110,0.683
ORD101065,V045,0.674
ORD101066,V045,0.225
ORD101067,V088,0.224
ORD101068,V015,0.376
ORD101069,V095,0.531
ORD101070,V017,0.479
ORD101071,V012,0.52
ORD101072,V022,0.627
ORD101073,V023,0.593
ORD101074,V090,0.567
ORD101075,V078,0.509
ORD101076,V012,0.512
ORD101077,V114,0.87
ORD101078,V068,0.607
ORD101079,V110,0.306
ORD101080,V051,0.693
ORD101081,V013,0.319
ORD101082,V057,0.559
ORD101083,V055,0.571
ORD101084,V082,0.368
ORD101085,V107,0.485
ORD101086,V028,0.565
ORD101087,V102,0.539
ORD101088,V105,0.51
ORD101089,V044,0.79
ORD101090,V019,0.697
ORD101091,V046,0.907
ORD101092,V111,0.595
ORD101093,V107,0.618
ORD101094,V102,0.627
ORD101095,V110,0.453
ORD101096,V003,0.435
ORD101097,V083,0.676
ORD101098,V020,0.397
ORD101099,V025,0.827
ORD101100,V075,0.437
ORD101101,V056,0.678
ORD101102,V081,0.567
ORD101103,V061,0.713
ORD101104,V113,0.434
ORD101105,V055,0.437
ORD101106,V035,0.693
ORD101107,V078,0.886
ORD101108,V059,0.757
ORD101109,V039,0.876
ORD101110,V057,0.3
ORD101111,V083,0.71
ORD101112,V067,0.758
ORD101113,V034,0.49
ORD101114,V113,0.39
ORD101115,V041,0.653
ORD101116,V022,0.738
ORD101117,V102,0.598
ORD101118,V120,0.657
ORD101119,V027,0.884
ORD101120,V021,0.712
ORD101121,V041,0.84
ORD101122,V031,0.742
ORD101123,V027,0.751
ORD101124,V037,0.792
ORD101125,V066,0.676
ORD101126,V054,0.697
ORD101127,V111,0.549
ORD101128,V009,0.664
ORD101129,V083,0.381
ORD101130,V042,0.828
ORD101131,V036,0.543
ORD101132,V010,0.703
ORD101133,V059,0.762
ORD101134,V040,0.307
ORD101135,V054,0.542
ORD101136,V109,0.526
ORD101137,V039,0.599
ORD101138,V007,0.623
ORD101139,V004,0.793
ORD101140,V015,0.756
ORD101141,V076,0.531
ORD101142,V048,0.383
ORD101143,V006,0.468
ORD101144,V073,0.39
ORD101145,V035,0.929
ORD101146,V072,0.851
ORD101147,V071,0.375
ORD101148,V068,0.505
ORD101149,V058,0.76
ORD101150,V077,0.202
ORD101151,V019,0.592
ORD101152,V062,0.715
ORD101153,V071,0.321
ORD101154,V010,0.578
ORD101155,V025,0.712
ORD101156,V044,0.366
ORD101157,V099,0.394
ORD101158,V058,0.63
ORD101159,V025,0.696
ORD101160,V093,0.637
ORD101161,V120,0.682
ORD101162,V076,0.886
ORD101163,V115,0.389
ORD101164,V111,0.508
ORD101165,V040,0.688
ORD101166,V076,0.113
ORD101167,V116,0.588
ORD101168,V070,0.285
ORD101169,V010,0.373
ORD101170,V066,0.807
ORD101171,V120,0.104
ORD101172,V109,0.623
ORD101173,V025,0.486
ORD101174,V071,0.351
ORD101175,V104,0.642
ORD101176,V087,0.605
ORD101177,V112,0.726
ORD101178,V011,0.527
ORD101179,V036,0.271
ORD101180,V049,0.865
ORD101181,V048,0.363
ORD101182,V115,0.519
ORD101183,V087,0.935
ORD101184,V107,0.338
ORD101185,V007,0.478
ORD101186,V091,0.28
ORD101187,V077,0.583
ORD101188,V051,0.599
ORD101189,V017,0.234
ORD101190,V032,0.7
ORD101191,V026,0.566
ORD101192,V022,0.408
ORD101193,V013,0.619
ORD101194,V012,0.597
ORD101195,V071,0.535
ORD101196,V001,0.797
ORD101197,V033,0.78
ORD101198,V116,0.703
ORD101199,V119,0.896
